{"cameraMode":{"drawMode":0,"name":"Shaded","section":"Shading Mode"},"sceneLighting":true,"audioPlay":false,"sceneViewState":{"showFog":true,"showMaterialUpdate":false,"showSkybox":true,"showFlares":true,"showImageEffects":true,"showParticleSystems":true},"in2DMode":false,"pivot":{"x":-4.682260990142822,"y":-22.41596794128418,"z":-54.53014373779297},"rotation":{"x":-0.007498003542423248,"y":0.9788506627082825,"z":-0.2012881636619568,"w":-0.036749210208654407},"size":82.84224700927735,"orthographic":false}